timestamp_ms,perf10_rhel7--root-home-read,perf10_rhel7--root-home-write,perf10_rhel7--root-root-read,perf10_rhel7--root-root-write,perf10_rhel7--root-swap-read,perf10_rhel7--root-swap-write,sda-read,sda-write,sdb-read,sdb-write,sdc-read,sdc-write,sdd-read,sdd-write,sde-read,sde-write,vg_perf10_rhel65-lv_home-read,vg_perf10_rhel65-lv_home-write,vg_perf10_rhel65-lv_root-read,vg_perf10_rhel65-lv_root-write,vg_perf10_rhel65-lv_swap-read,vg_perf10_rhel65-lv_swap-write
1438801678000,0.00,0.00,0.00,0.00,0.00,0.00,0.00,0.00,0.00,0.00,0.00,0.00,0.00,0.00,0.00,0.00,0.00,0.00,0.00,0.00,0.00,0.00
1438801681000,0.00,0.00,0.00,0.02,0.00,0.00,0.00,0.00,0.00,0.04,0.00,0.00,0.00,0.00,0.00,0.00,0.00,0.00,0.00,0.00,0.00,0.00
1438801684000,0.00,0.00,0.00,0.11,0.00,0.00,0.00,0.00,0.00,0.10,0.00,0.00,0.00,0.00,0.00,0.00,0.00,0.00,0.00,0.00,0.00,0.00
1438801687000,0.00,0.00,0.00,0.00,0.00,0.00,0.00,0.00,0.00,0.00,0.00,0.00,0.00,0.00,4.62,0.00,0.00,0.00,0.00,0.00,0.00,0.00
1438801690000,0.00,0.00,0.00,0.00,0.00,0.00,0.00,0.00,0.00,0.00,0.00,0.00,0.00,0.00,4.69,0.00,0.00,0.00,0.00,0.00,0.00,0.00
1438801693000,0.00,0.00,0.00,0.00,0.00,0.00,0.00,0.00,0.00,0.00,0.00,0.00,0.00,0.00,4.65,0.00,0.00,0.00,0.00,0.00,0.00,0.00
1438801696000,0.00,0.00,0.00,2.07,0.00,0.00,0.00,0.00,0.00,2.08,0.00,0.00,0.00,0.00,4.65,0.00,0.00,0.00,0.00,0.00,0.00,0.00
1438801699000,0.00,0.00,0.00,0.00,0.00,0.00,0.00,0.00,0.00,0.00,0.00,0.00,0.00,0.00,4.66,0.00,0.00,0.00,0.00,0.00,0.00,0.00
1438801702000,0.00,0.00,0.00,0.22,0.00,0.00,0.00,0.00,0.00,0.22,0.00,0.00,0.00,0.00,4.67,0.00,0.00,0.00,0.00,0.00,0.00,0.00
1438801705000,0.00,0.00,0.00,1.08,0.00,0.00,0.00,0.00,0.00,1.07,0.00,0.00,0.00,0.00,4.63,0.00,0.00,0.00,0.00,0.00,0.00,0.00
1438801708000,0.00,0.00,0.00,0.12,0.00,0.00,0.00,0.00,0.00,0.11,0.00,0.00,0.00,0.00,4.68,0.00,0.00,0.00,0.00,0.00,0.00,0.00
1438801711000,0.00,0.00,0.00,0.00,0.00,0.00,0.00,0.00,0.00,0.00,0.00,0.00,0.00,0.00,4.66,0.00,0.00,0.00,0.00,0.00,0.00,0.00
1438801714000,0.00,0.00,0.00,1.97,0.00,0.00,0.00,0.00,0.00,1.97,0.00,0.00,0.00,0.00,4.65,0.00,0.00,0.00,0.00,0.00,0.00,0.00
1438801717000,0.00,0.00,0.00,0.00,0.00,0.00,0.00,0.00,0.00,0.00,0.00,0.00,0.00,0.00,4.67,0.00,0.00,0.00,0.00,0.00,0.00,0.00
