timestamp_ms,perf10_rhel7--root-home,perf10_rhel7--root-root,perf10_rhel7--root-swap,sda,sdb,sdc,sdd,sde,vg_perf10_rhel65-lv_home,vg_perf10_rhel65-lv_root,vg_perf10_rhel65-lv_swap
1438801678000,0.00,8.66,0.00,0.00,8.12,0.00,0.00,0.00,0.00,0.00,0.00
1438801681000,0.00,4.48,0.00,0.00,4.38,0.00,0.00,0.00,0.00,0.00,0.00
1438801684000,0.00,22.07,0.00,0.00,21.90,0.00,0.00,0.00,0.00,0.00,0.00
1438801687000,0.00,0.00,0.00,0.00,0.00,0.00,0.00,15.45,0.00,0.00,0.00
1438801690000,0.00,0.00,0.00,0.00,0.00,0.00,0.00,15.48,0.00,0.00,0.00
1438801693000,0.00,0.00,0.00,0.00,0.00,0.00,0.00,15.48,0.00,0.00,0.00
1438801696000,0.00,12.69,0.00,0.00,22.68,0.00,0.00,15.48,0.00,0.00,0.00
1438801699000,0.00,15.30,0.00,0.00,15.30,0.00,0.00,15.47,0.00,0.00,0.00
1438801702000,0.00,12.26,0.00,0.00,12.15,0.00,0.00,15.47,0.00,0.00,0.00
1438801705000,0.00,45.59,0.00,0.00,46.78,0.00,0.00,15.47,0.00,0.00,0.00
1438801708000,0.00,15.12,0.00,0.00,13.44,0.00,0.00,15.46,0.00,0.00,0.00
1438801711000,0.00,0.00,0.00,0.00,0.00,0.00,0.00,15.47,0.00,0.00,0.00
1438801714000,0.00,83.84,0.00,0.00,87.29,0.00,0.00,15.44,0.00,0.00,0.00
1438801717000,0.00,0.00,0.00,0.00,0.00,0.00,0.00,15.47,0.00,0.00,0.00
