timestamp_ms,fault_sec,majflt_sec,page_swaps_in_sec,page_swaps_out_sec,pgfree_sec,pgpgin_sec,pgpgout_sec,pgscand_sec,pgscank_sec,pgsteal_sec,vmeff_pct
1438801678000,21194.67,0.00,0.00,0.00,11800.33,0.00,109.67,0.00,0.00,0.00,0.00
1438801681000,20304.33,0.00,0.00,0.00,13866.00,0.00,34.33,0.00,0.00,0.00,0.00
1438801684000,12883.67,0.00,0.00,0.00,15878.33,0.00,12772.67,0.00,0.00,0.00,0.00
1438801687000,2850.00,0.00,0.00,0.00,106661.67,430881.33,0.00,0.00,0.00,0.00,0.00
1438801690000,2810.67,0.00,0.00,0.00,117011.67,426636.00,0.00,0.00,0.00,0.00,0.00
1438801693000,3051.00,0.00,0.00,0.00,99627.67,430666.67,0.00,0.00,0.00,0.00,0.00
1438801696000,2665.00,0.00,0.00,0.00,102483.33,430728.00,1103.67,0.00,0.00,0.00,0.00
1438801699000,2496.00,0.00,0.00,0.00,112426.00,429292.00,58.67,0.00,0.00,0.00,0.00
1438801702000,2741.33,0.00,0.00,0.00,105852.00,428646.67,220.67,0.00,0.00,0.00,0.00
1438801705000,3347.00,0.00,0.00,0.00,117510.00,431997.33,1793.33,0.00,0.00,0.00,0.00
1438801708000,3261.33,0.00,0.00,0.00,127811.67,427301.33,20.33,0.00,0.00,0.00,0.00
1438801711000,5071.00,0.00,0.00,0.00,144788.67,428932.00,0.00,0.00,0.00,0.00,0.00
1438801714000,3546.00,0.00,0.00,0.00,150238.67,429669.33,2473.33,0.00,0.00,0.00,0.00
1438801717000,3082.33,0.00,0.00,0.00,120452.00,427813.33,0.00,0.00,0.00,0.00,0.00
